release_date,title,prod_budget,worldwide_gross,genre,average_rating,ROI,release_year,season_released
2015-11-06,Spectre,300000000,879620923,Thriller,6.8,1.9320697433333334,2015,Fall
2012-07-20,The Dark Knight Rises,275000000,1084439099,Thriller,8.4,2.9434149054545453,2012,Summer
2017-04-14,The Fate of the Furious,250000000,1234846267,Thriller,6.7,3.939385068,2017,Spring
2012-11-08,Skyfall,200000000,1110526981,Thriller,7.8,4.552634905,2012,Fall
2013-06-21,World War Z,190000000,531514650,Horror,7.0,1.7974455263157896,2013,Summer
2017-10-06,Blade Runner 2049,185000000,259357408,Mystery,8.0,0.40193193513513514,2017,Fall
2018-08-10,The Meg,178000000,529530715,Horror,5.7,1.9748916573033708,2018,Summer
2017-11-22,Coco,175000000,798008101,Horror,7.4,3.5600462914285713,2017,Fall
2012-05-11,Dark Shadows,150000000,238202668,Horror,6.2,0.5880177866666667,2012,Spring
2013-06-28,White House Down,150000000,205440387,Thriller,6.4,0.36960258,2013,Summer
2015-12-25,The Revenant,135000000,532938302,Horror,6.0,2.947691125925926,2015,Winter
2010-07-23,Salt,130000000,290650494,Mystery,6.4,1.2357730307692307,2010,Summer
2010-07-23,Salt,130000000,290650494,Thriller,6.4,1.2357730307692307,2010,Summer
2014-03-28,Noah,130000000,352831065,Thriller,6.5,1.7140851153846153,2014,Spring
2011-04-29,Fast Five,125000000,630163454,Thriller,7.3,4.041307632,2011,Spring
2012-06-08,Prometheus,125000000,402448265,Mystery,7.0,2.21958612,2012,Summer
2012-08-10,The Bourne Legacy,125000000,280355920,Thriller,6.7,1.24284736,2012,Summer
2018-07-13,Skyscraper,125000000,304115534,Thriller,5.8,1.432924272,2018,Summer
2012-08-03,Total Recall,125000000,211856088,Mystery,6.3,0.694848704,2012,Summer
2016-07-29,Jason Bourne,120000000,416168316,Thriller,6.6,2.4680693,2016,Summer
2013-04-19,Oblivion,120000000,287916633,Thriller,8.0,1.399305275,2013,Spring
2018-10-05,Venom,116000000,853628605,Thriller,3.0,6.358867284482758,2018,Fall
2013-10-04,Gravity,110000000,693698673,Thriller,7.7,5.306351572727273,2013,Fall
2000-06-28,The Patriot,110000000,215300000,Documentary,7.3,0.9572727272727273,2000,Summer
2010-06-11,The A-Team,110000000,177241171,Thriller,6.8,0.6112833727272727,2010,Summer
2012-10-26,Cloud Atlas,102000000,130673154,Mystery,7.4,0.28110935294117645,2012,Fall
2013-12-25,The Wolf of Wall Street,100000000,389870414,Biography,8.2,2.89870414,2013,Winter
2012-08-17,The Expendables 2,100000000,311979256,Thriller,6.6,2.11979256,2012,Summer
2010-12-10,The Tourist,100000000,278731369,Thriller,6.0,1.78731369,2010,Winter
2014-08-15,The Expendables 3,100000000,209461378,Thriller,6.1,1.09461378,2014,Summer
2017-10-20,Geostorm,100000000,220796009,Thriller,5.3,1.20796009,2017,Fall
2017-05-19,Alien: Covenant,97000000,238521247,Horror,6.4,1.4589819278350515,2017,Spring
2017-05-19,Alien: Covenant,97000000,238521247,Thriller,6.4,1.4589819278350515,2017,Spring
2001-12-28,Black Hawk Down,95000000,159691085,Documentary,7.8,0.6809587894736842,2001,Winter
2010-11-12,Unstoppable,95000000,165720921,Thriller,6.8,0.7444307473684211,2010,Fall
2013-02-14,A Good Day to Die Hard,92000000,304249198,Thriller,5.3,2.3070565,2013,Winter
2011-12-20,The Girl with the Dragon Tattoo,90000000,239373970,Mystery,7.8,1.6597107777777778,2011,Winter
1997-07-11,Contact,90000000,165900000,Documentary,7.3,0.8433333333333334,1997,Summer
2014-03-21,Divergent,85000000,276014965,Mystery,6.7,2.247234882352941,2014,Spring
2017-01-20,xXx: Return of Xander Cage,85000000,345033359,Thriller,5.2,3.059215988235294,2017,Winter
2017-12-20,The Greatest Showman,84000000,386665550,Biography,7.6,3.6031613095238093,2017,Winter
2006-06-23,Click,82500000,237685089,Horror,3.6,1.8810313818181819,2006,Summer
2006-06-23,Click,82500000,237685089,Mystery,3.6,1.8810313818181819,2006,Summer
2008-02-14,Jumper,82500000,222640812,Biography,8.0,1.698676509090909,2008,Winter
2008-02-14,Jumper,82500000,222640812,Documentary,8.0,1.698676509090909,2008,Winter
2010-08-13,The Expendables,82000000,268268174,Thriller,6.5,2.2715630975609757,2010,Summer
2011-05-26,The Hangover Part II,80000000,586464305,Mystery,6.5,6.3308038125,2011,Spring
2010-02-19,Shutter Island,80000000,299461782,Mystery,8.1,2.743272275,2010,Winter
2010-02-19,Shutter Island,80000000,299461782,Thriller,8.1,2.743272275,2010,Winter
1996-12-06,Daylight,80000000,158908290,Horror,5.1,0.986353625,1996,Winter
1996-12-06,Daylight,80000000,158908290,Thriller,5.1,0.986353625,1996,Winter
2018-07-20,The Equalizer 2,77000000,190453132,Thriller,6.7,1.4734172987012988,2018,Summer
2013-05-31,Now You See Me,75000000,342769200,Horror,7.0,3.570256,2013,Spring
2013-05-31,Now You See Me,75000000,342769200,Thriller,7.0,3.570256,2013,Spring
2005-03-11,Hostage,75000000,77636443,Horror,3.4,0.03515257333333333,2005,Spring
2005-03-11,Hostage,75000000,77636443,Thriller,3.4,0.03515257333333333,2005,Spring
2000-11-22,Unbreakable,73243106,248099143,Biography,7.2,2.387337819889834,2000,Fall
2000-11-22,Unbreakable,73243106,248099143,Documentary,7.2,2.387337819889834,2000,Fall
2013-03-22,Olympus Has Fallen,70000000,172878928,Thriller,6.5,1.4696989714285715,2013,Spring
2006-09-29,The Guardian,70000000,94973540,Mystery,6.7,0.35676485714285716,2006,Fall
2013-10-18,Escape Plan,70000000,103735965,Mystery,6.7,0.48194235714285716,2013,Fall
2007-04-27,Next,70000000,73591500,Documentary,8.0,0.05130714285714286,2007,Spring
2018-03-02,Red Sparrow,69000000,145951861,Thriller,6.6,1.1152443623188406,2018,Spring
2003-03-21,Dreamcatcher,68000000,75685268,Documentary,7.1,0.11301864705882353,2003,Spring
2012-06-22,Abraham Lincoln: Vampire Hunter,67500000,137489730,Horror,5.9,1.0368848888888889,2012,Summer
2014-03-14,Need for Speed,66000000,194169619,Thriller,6.5,1.9419639242424243,2014,Spring
2012-11-09,Lincoln,65000000,273346281,Biography,7.4,3.2053274,2012,Fall
2014-12-25,Unbroken,65000000,163527824,Biography,7.2,1.5158126769230769,2014,Winter
2015-09-18,Everest,65000000,221297061,Biography,7.1,2.404570169230769,2015,Fall
2012-09-14,Resident Evil: Retribution,65000000,240647629,Horror,5.4,2.7022712153846156,2012,Fall
2014-01-24,"I, Frankenstein",65000000,74575290,Horror,5.1,0.14731215384615384,2014,Winter
2017-09-15,American Assassin,63000000,68310140,Thriller,6.2,0.0842879365079365,2017,Fall
2015-12-25,The Hateful Eight,62000000,147864886,Mystery,7.8,1.3849175161290324,2015,Winter
2014-10-03,Gone Girl,61000000,368567189,Mystery,8.1,5.042085065573771,2014,Fall
2014-10-03,Gone Girl,61000000,368567189,Thriller,8.1,5.042085065573771,2014,Fall
2015-09-18,Maze Runner: The Scorch Trials,61000000,310566162,Thriller,6.3,4.09124855737705,2015,Fall
2018-01-26,Maze Runner: The Death Cure,61000000,265878536,Thriller,6.2,3.358664524590164,2018,Winter
2016-09-09,Sully,60000000,238524556,Biography,7.5,2.9754092666666665,2016,Fall
2012-12-21,Jack Reacher,60000000,217370736,Thriller,7.0,2.6228456,2012,Winter
2011-09-09,Contagion,60000000,137551594,Thriller,6.6,1.2925265666666668,2011,Fall
2016-03-04,London Has Fallen,60000000,195194085,Thriller,5.9,2.25323475,2016,Spring
2016-10-21,Jack Reacher: Never Go Back,60000000,159946489,Thriller,6.1,1.6657748166666666,2016,Fall
2014-01-17,Jack Ryan: Shadow Recruit,60000000,131377412,Thriller,6.2,1.1896235333333334,2014,Winter
2018-10-12,First Man,60000000,105203825,Documentary,6.6,0.7533970833333333,2018,Fall
2010-01-29,Edge of Darkness,60000000,82812456,Mystery,6.6,0.3802076,2010,Winter
2009-03-20,Duplicity,60000000,81079566,Mystery,8.1,0.3513261,2009,Spring
2009-04-17,State of Play,60000000,88832210,Documentary,6.5,0.48053683333333336,2009,Spring
2013-08-21,The Mortal Instruments: City of Bones,60000000,75965567,Horror,5.9,0.26609278333333336,2013,Summer
2014-12-25,American Sniper,58000000,547326372,Biography,7.3,8.436661586206897,2014,Winter
1995-12-15,Sabrina,58000000,87100000,Horror,4.3,0.5017241379310344,1995,Winter
1995-12-15,Sabrina,58000000,87100000,Thriller,4.3,0.5017241379310344,1995,Winter
2010-09-10,Resident Evil: Afterlife,57500000,295874190,Horror,5.9,4.145638086956522,2010,Fall
2012-02-17,Ghost Rider: Spirit of Vengeance,57000000,149217355,Thriller,4.3,1.6178483333333333,2012,Winter
2018-11-02,Bohemian Rhapsody,55000000,894985342,Biography,8.0,15.272460763636364,2018,Fall
2013-10-11,Captain Phillips,55000000,220648184,Biography,7.8,3.0117851636363637,2013,Fall
2013-10-11,Captain Phillips,55000000,220648184,Thriller,7.8,3.0117851636363637,2013,Fall
2017-11-10,Murder on the Orient Express,55000000,345922730,Mystery,6.5,5.289504181818182,2017,Fall
2014-09-26,The Equalizer,55000000,192903624,Thriller,7.2,2.507338618181818,2014,Fall
2018-02-09,Fifty Shades Freed,55000000,371350619,Thriller,4.5,5.751829436363637,2018,Winter
2012-07-27,The Watch,55000000,67130045,Horror,5.7,0.22054627272727273,2012,Summer
2015-10-16,Crimson Peak,55000000,74966854,Horror,6.5,0.3630337090909091,2015,Fall
2015-09-18,Black Mass,53000000,98837872,Biography,6.9,0.8648655094339622,2015,Fall
2012-12-19,Zero Dark Thirty,52500000,134612435,Thriller,7.4,1.564046380952381,2012,Winter
2011-03-04,The Adjustment Bureau,50200000,126931325,Thriller,7.1,1.5285124501992031,2011,Spring
2011-06-10,Super 8,50000000,257972745,Mystery,7.0,4.1594549,2011,Summer
2011-06-10,Super 8,50000000,257972745,Thriller,7.0,4.1594549,2011,Summer
2018-12-14,The Mule,50000000,170857676,Mystery,4.3,2.41715352,2018,Winter
2014-02-28,Non-Stop,50000000,222383055,Mystery,7.0,3.4476611,2014,Winter
2014-02-28,Non-Stop,50000000,222383055,Thriller,7.0,3.4476611,2014,Winter
2017-12-22,The Post,50000000,179748880,Biography,7.2,2.5949776,2017,Winter
2011-09-23,Moneyball,50000000,111300835,Biography,7.6,1.2260167,2011,Fall
2004-09-24,The Forgotten,50000000,117211892,Horror,5.3,1.34423784,2004,Fall
2013-01-25,Hansel & Gretel: Witch Hunters,50000000,214949716,Horror,6.1,3.29899432,2013,Winter
2017-09-29,American Made,50000000,135569212,Biography,7.2,1.71138424,2017,Fall
1997-09-26,The Peacemaker,50000000,62967368,Documentary,7.9,0.25934736,1997,Fall
1995-10-06,Assassins,50000000,83306268,Thriller,4.4,0.66612536,1995,Fall
2015-03-13,Run All Night,50000000,66961644,Thriller,6.6,0.33923288,2015,Spring
2000-12-27,Traffic,48000000,208300000,Mystery,8.0,3.339583333333333,2000,Winter
2015-01-09,Taken 3,48000000,327656424,Thriller,6.0,5.8261755,2015,Winter
1999-10-01,Three Kings,48000000,107752036,Biography,6.8,1.2448340833333333,1999,Fall
1999-10-01,Three Kings,48000000,107752036,Documentary,6.8,1.2448340833333333,1999,Fall
2008-01-25,Rambo,47500000,112214531,Thriller,6.3,1.3624111789473685,2008,Winter
2016-11-11,Arrival,47000000,203127894,Mystery,7.9,3.321870085106383,2016,Fall
2013-09-20,Prisoners,46000000,113402302,Mystery,8.1,1.4652674347826087,2013,Fall
2012-10-05,Taken 2,45000000,377807404,Thriller,6.3,7.395720088888889,2012,Fall
2016-10-07,The Girl on the Train,45000000,174278214,Thriller,4.4,2.8728492,2016,Fall
2012-07-06,Savages,45000000,82513490,Thriller,6.5,0.8336331111111112,2012,Summer
2017-06-16,All Eyez on Me,45000000,54876855,Biography,5.8,0.21948566666666666,2017,Summer
1994-11-04,Frankenstein,45000000,112006296,Horror,1.9,1.4890288,1994,Fall
2010-02-19,The Ghost Writer,45000000,65532491,Mystery,7.2,0.4562775777777778,2010,Winter
2010-02-19,The Ghost Writer,45000000,65532491,Thriller,7.2,0.4562775777777778,2010,Winter
2012-10-12,Argo,44500000,227140757,Biography,7.7,4.104286674157303,2012,Fall
2012-10-12,Argo,44500000,227140757,Thriller,7.7,4.104286674157303,2012,Fall
2011-01-28,The Mechanic,42500000,76347393,Thriller,6.6,0.7964092470588235,2011,Winter
2011-03-11,Red Riding Hood,42000000,91678442,Horror,5.5,1.1828200476190476,2011,Spring
2011-03-11,Red Riding Hood,42000000,91678442,Mystery,5.5,1.1828200476190476,2011,Spring
1992-10-02,Hero,42000000,66787173,Thriller,3.8,0.5901707857142857,1992,Fall
2019-05-31,Rocketman,41000000,108642725,Biography,7.7,1.6498225609756099,2019,Spring
2015-02-13,Fifty Shades of Grey,40000000,570998101,Thriller,4.1,13.274952525,2015,Winter
2009-06-19,The Proposal,40000000,314709717,Documentary,5.6,6.867742925,2009,Summer
2014-07-25,Lucy,40000000,457507776,Thriller,6.4,10.4376944,2014,Summer
2013-12-25,Lone Survivor,40000000,149804632,Biography,7.5,2.7451158,2013,Winter
2010-10-01,The Social Network,40000000,224922135,Biography,7.7,4.623053375,2010,Fall
2015-10-16,Bridge of Spies,40000000,162498338,Thriller,7.6,3.06245845,2015,Fall
2016-11-04,Hacksaw Ridge,40000000,168904682,Biography,8.1,3.22261705,2016,Fall
2011-02-18,Unknown,40000000,136123083,Mystery,6.9,2.403077075,2011,Winter
2011-02-18,Unknown,40000000,136123083,Thriller,6.9,2.403077075,2011,Winter
2011-03-18,The Lincoln Lawyer,40000000,87145086,Thriller,7.3,1.17862715,2011,Spring
2014-06-20,Jersey Boys,40000000,65282732,Biography,6.8,0.6320683,2014,Summer
2011-08-12,Final Destination 5,40000000,155011165,Horror,5.9,2.875279125,2011,Summer
2018-11-16,Widows,40000000,73866088,Thriller,7.0,0.8466522,2018,Fall
2011-04-15,Scream 4,40000000,95989590,Horror,6.2,1.39973975,2011,Spring
2011-04-15,Scream 4,40000000,95989590,Mystery,6.2,1.39973975,2011,Spring
2011-08-26,Colombiana,40000000,72295262,Thriller,6.4,0.80738155,2011,Summer
2018-01-12,The Commuter,40000000,101985431,Mystery,6.3,1.549635775,2018,Winter
2018-01-12,The Commuter,40000000,101985431,Thriller,6.3,1.549635775,2018,Winter
2017-01-27,Resident Evil: The Final Chapter,40000000,314101190,Horror,5.6,6.85252975,2017,Winter
2016-08-26,Mechanic: Resurrection,40000000,109738840,Thriller,5.7,1.743471,2016,Summer
2005-09-30,Serenity,39000000,40319440,Mystery,5.3,0.03383179487179487,2005,Fall
2013-08-23,Yi dai zong shi,38600000,57987299,Biography,6.6,0.5022616321243524,2013,Summer
2009-02-06,Push,38000000,49678401,Documentary,7.3,0.30732634210526316,2009,Winter
2015-11-25,Creed,37000000,173567581,Horror,6.6,3.691015702702703,2015,Fall
2010-09-17,The Town,37000000,152566881,Thriller,7.6,3.1234292162162163,2010,Fall
2011-01-28,The Rite,37000000,97143987,Horror,6.0,1.6255131621621621,2011,Winter
2011-01-28,The Rite,37000000,97143987,Mystery,6.0,1.6255131621621621,2011,Winter
1997-05-02,Breakdown,36000000,50159144,Thriller,5.3,0.3933095555555556,1997,Spring
2016-01-22,Yip Man 3,36000000,157300954,Biography,7.1,3.3694709444444446,2016,Winter
2017-09-08,It,35000000,697457969,Horror,7.4,18.927370542857144,2017,Fall
2017-09-08,It,35000000,697457969,Thriller,7.4,18.927370542857144,2017,Fall
1998-09-18,Rush Hour,35000000,245300000,Documentary,6.6,6.008571428571429,1998,Fall
2013-12-13,Saving Mr. Banks,35000000,114962525,Biography,7.5,2.2846435714285716,2013,Winter
2008-03-28,21,35000000,159846429,Horror,7.2,3.567040828571429,2008,Spring
2005-07-29,Sky High,35000000,83109359,Documentary,7.4,1.3745531142857144,2005,Summer
2010-04-30,A Nightmare on Elm Street,35000000,117729621,Horror,5.2,2.363703457142857,2010,Spring
2010-10-08,Secretariat,35000000,60376247,Biography,7.2,0.7250356285714286,2010,Fall
2015-05-22,Poltergeist,35000000,95713069,Horror,4.9,1.7346591142857142,2015,Spring
2015-05-22,Poltergeist,35000000,95713069,Thriller,4.9,1.7346591142857142,2015,Spring
2011-11-09,J. Edgar,35000000,84606030,Biography,6.6,1.4173151428571429,2011,Fall
2018-08-17,Mile 22,35000000,66295121,Thriller,6.1,0.8941463142857143,2018,Summer
2018-06-01,Adrift,35000000,57897191,Biography,6.6,0.6542054571428572,2018,Summer
2011-09-23,Abduction,35000000,86648359,Horror,5.2,1.4756674,2011,Fall
2011-09-23,Abduction,35000000,86648359,Thriller,5.2,1.4756674,2011,Fall
2012-10-19,Alex Cross,35000000,35426759,Mystery,5.1,0.012193114285714285,2012,Fall
2013-01-25,Parker,35000000,48543388,Thriller,6.2,0.38695394285714285,2013,Winter
2015-09-30,The Walk,35000000,61492104,Thriller,6.8,0.7569172571428572,2015,Fall
2017-10-20,The Snowman,35000000,43226146,Mystery,5.1,0.23503274285714285,2017,Fall
2011-12-25,The Darkest Hour,34800000,62831715,Horror,4.9,0.8055090517241379,2011,Winter
2014-09-19,The Maze Runner,34000000,348319861,Mystery,6.8,9.244701794117647,2014,Fall
2012-04-27,Safe,33000000,41495213,Thriller,6.5,0.25743069696969695,2012,Spring
2010-08-27,Takers,32000000,70587268,Thriller,6.2,1.205852125,2010,Summer
1993-01-15,Alive,32000000,36299670,Biography,7.1,0.1343646875,1993,Winter
2013-04-12,42,31000000,97470701,Biography,7.5,2.1442161612903226,2013,Spring
2012-11-02,Flight,31000000,160558438,Thriller,7.3,4.179304451612904,2012,Fall
2013-02-01,Warm Bodies,30000000,115121608,Horror,6.9,2.8373869333333332,2013,Winter
2001-02-16,Down to Earth,30000000,71172251,Documentary,6.6,1.3724083666666667,2001,Winter
2017-11-22,Darkest Hour,30000000,150807172,Biography,7.4,4.026905733333333,2017,Fall
2017-07-28,Atomic Blonde,30000000,98345423,Mystery,6.7,2.2781807666666665,2017,Summer
2017-07-28,Atomic Blonde,30000000,98345423,Thriller,6.7,2.2781807666666665,2017,Summer
2014-10-24,John Wick,30000000,76235001,Thriller,7.4,1.5411667,2014,Fall
2012-04-13,The Cabin in the Woods,30000000,70689968,Horror,7.0,1.3563322666666666,2012,Spring
2011-04-08,Hanna,30000000,65343694,Thriller,6.8,1.1781231333333333,2011,Spring
2013-09-13,The Family,30000000,51078541,Horror,5.0,0.7026180333333333,2013,Fall
2013-09-13,The Family,30000000,51078541,Thriller,5.0,0.7026180333333333,2013,Fall
2018-02-09,The 15:17 to Paris,30000000,56096200,Biography,5.2,0.8698733333333334,2018,Winter
2018-02-09,The 15:17 to Paris,30000000,56096200,Thriller,5.2,0.8698733333333334,2018,Winter
2013-10-18,Carrie,30000000,82409520,Horror,5.9,1.746984,2013,Fall
2013-02-08,Side Effects,30000000,66742138,Mystery,7.1,1.2247379333333333,2013,Winter
2014-07-02,Deliver Us from Evil,30000000,87956618,Horror,6.2,1.9318872666666667,2014,Summer
2014-07-02,Deliver Us from Evil,30000000,87956618,Mystery,6.2,1.9318872666666667,2014,Summer
2014-07-02,Deliver Us from Evil,30000000,87956618,Thriller,6.2,1.9318872666666667,2014,Summer
2014-08-01,Get on Up,30000000,33339868,Biography,6.9,0.11132893333333334,2014,Summer
2011-02-04,Sanctum,30000000,108957098,Thriller,5.9,2.631903266666667,2011,Winter
2017-08-25,Ballerina,30000000,96892829,Biography,7.5,2.2297609666666665,2017,Summer
2017-08-25,Ballerina,30000000,96892829,Documentary,7.5,2.2297609666666665,2017,Summer
2013-10-04,Runner Runner,30000000,60512680,Thriller,5.6,1.0170893333333333,2013,Fall
2011-08-19,Fright Night,30000000,40520649,Horror,6.4,0.3506883,2011,Summer
2015-10-09,Steve Jobs,30000000,35579007,Biography,7.2,0.1859669,2015,Fall
2013-01-18,The Last Stand,30000000,48330757,Thriller,6.4,0.6110252333333334,2013,Winter
2018-09-28,Night School,29000000,103008792,Documentary,7.2,2.5520273103448274,2018,Fall
2016-08-12,Florence Foster Jenkins,29000000,56000339,Biography,6.8,0.9310461724137931,2016,Summer
2015-08-14,Straight Outta Compton,28000000,202182981,Biography,7.9,6.22082075,2015,Summer
2013-02-14,Safe Haven,28000000,94050951,Thriller,6.7,2.358962535714286,2013,Winter
2015-12-11,The Big Short,28000000,133162752,Biography,7.8,3.7558125714285713,2015,Winter
2014-02-21,3 Days to Kill,28000000,38959900,Thriller,6.2,0.391425,2014,Winter
2011-03-18,Limitless,27000000,155564919,Mystery,7.4,4.761663666666666,2011,Spring
2011-03-18,Limitless,27000000,155564919,Thriller,7.4,4.761663666666666,2011,Spring
2016-05-13,Money Monster,27000000,93466095,Thriller,6.5,2.461707222222222,2016,Spring
1990-08-10,Flatliners,26000000,61308153,Horror,5.2,1.3580058846153846,1990,Summer
1990-08-10,Flatliners,26000000,61308153,Mystery,5.2,1.3580058846153846,1990,Summer
2005-08-19,Red Eye,26000000,96666486,Horror,3.3,2.717941769230769,2005,Summer
2010-01-22,Legion,26000000,67647574,Horror,5.2,1.6018297692307693,2010,Winter
2012-04-27,The Raven,26000000,30601801,Mystery,6.4,0.17699234615384615,2012,Spring
2012-04-27,The Raven,26000000,30601801,Thriller,6.4,0.17699234615384615,2012,Spring
2016-12-25,Hidden Figures,25000000,231771716,Biography,7.8,8.27086864,2016,Winter
2000-12-15,Chocolat,25000000,152500343,Biography,7.0,5.10001372,2000,Winter
2014-05-16,Million Dollar Arm,25000000,39217912,Biography,7.0,0.56871648,2014,Spring
2014-12-10,The Gambler,25000000,38718031,Documentary,7.6,0.54872124,2014,Winter
2017-02-03,Rings,25000000,82917283,Horror,4.5,2.31669132,2017,Winter
2017-02-03,Rings,25000000,82917283,Mystery,4.5,2.31669132,2017,Winter
2011-08-26,Don't Be Afraid of the Dark,25000000,39126427,Horror,5.6,0.56505708,2011,Summer
2011-08-26,Don't Be Afraid of the Dark,25000000,39126427,Thriller,5.6,0.56505708,2011,Summer
2013-10-25,The Counselor,25000000,71009334,Thriller,5.3,1.84037336,2013,Fall
2018-12-07,Mary Queen of Scots,25000000,46734733,Biography,5.5,0.86938932,2018,Winter
2015-11-13,The 33,25000000,28400715,Biography,6.9,0.1360286,2015,Fall
2009-11-25,The Road,25000000,29206732,Horror,5.6,0.16826928,2009,Fall
2010-08-20,Piranha 3D,24000000,83660160,Horror,5.4,2.48584,2010,Summer
2018-11-16,Green Book,23000000,322034439,Biography,8.3,13.001497347826087,2018,Fall
2000-03-17,Final Destination,23000000,112036870,Documentary,6.1,3.871168260869565,2000,Spring
2011-10-07,The Ides of March,23000000,77735925,Thriller,7.1,2.3798228260869565,2011,Fall
2012-01-20,Haywire,23000000,36374700,Thriller,5.8,0.5815086956521739,2012,Winter
2016-02-26,Eddie the Eagle,23000000,45060480,Biography,7.4,0.9591513043478261,2016,Winter
2016-11-18,Nocturnal Animals,22500000,32398681,Thriller,7.5,0.43994137777777775,2016,Fall
1990-07-13,Ghost,22000000,517600000,Horror,2.3,22.527272727272727,1990,Summer
2014-02-28,Son of God,22000000,70949793,Documentary,6.8,2.224990590909091,2014,Winter
2013-11-27,Homefront,22000000,51695362,Thriller,6.5,1.3497891818181817,2013,Fall
2001-09-14,The Glass House,22000000,22861785,Thriller,7.4,0.03917204545454545,2001,Fall
2019-04-05,Pet Sematary,21000000,109501146,Horror,6.0,4.214340285714286,2019,Spring
2019-04-05,Pet Sematary,21000000,109501146,Mystery,6.0,4.214340285714286,2019,Spring
2019-04-05,Pet Sematary,21000000,109501146,Thriller,6.0,4.214340285714286,2019,Spring
2017-08-04,Kidnap,21000000,34836080,Thriller,5.9,0.6588609523809524,2017,Summer
2011-12-09,Tinker Tailor Soldier Spy,21000000,81452811,Mystery,7.1,2.8787052857142856,2011,Winter
2011-12-09,Tinker Tailor Soldier Spy,21000000,81452811,Thriller,7.1,2.8787052857142856,2011,Winter
2013-07-19,The Conjuring,20000000,318000141,Horror,7.5,14.90000705,2013,Summer
2013-07-19,The Conjuring,20000000,318000141,Mystery,7.5,14.90000705,2013,Summer
2013-07-19,The Conjuring,20000000,318000141,Thriller,7.5,14.90000705,2013,Summer
2010-10-15,Jackass 3D,20000000,171685793,Documentary,7.0,7.58428965,2010,Fall
2019-01-18,Glass,20000000,245303505,Horror,3.4,11.26517525,2019,Winter
2019-01-18,Glass,20000000,245303505,Mystery,3.4,11.26517525,2019,Winter
2013-10-18,12 Years a Slave,20000000,181025343,Biography,8.1,8.05126715,2013,Fall
2015-01-09,Selma,20000000,66776576,Biography,7.5,2.3388288,2015,Winter
2018-03-30,Acrimony,20000000,46627836,Thriller,5.7,1.3313918,2018,Spring
2016-02-19,Risen,20000000,46255763,Biography,5.3,1.31278815,2016,Winter
2010-09-01,The American,20000000,67950723,Thriller,6.3,2.39753615,2010,Fall
2013-01-04,Texas Chainsaw 3D,20000000,47666013,Horror,4.8,1.38330065,2013,Winter
2013-01-04,Texas Chainsaw 3D,20000000,47666013,Thriller,4.8,1.38330065,2013,Winter
2008-11-26,Milk,20000000,57293371,Documentary,7.2,1.86466855,2008,Fall
2011-08-31,The Debt,20000000,46604054,Thriller,6.9,1.3302027,2011,Summer
2018-12-25,On the Basis of Sex,20000000,38073377,Biography,6.9,0.90366885,2018,Winter
2017-06-16,Rough Night,20000000,46844357,Thriller,5.2,1.34221785,2017,Summer
1998-12-04,Psycho,20000000,37226218,Thriller,5.2,0.8613109,1998,Winter
1998-10-30,Vampires,20000000,20268825,Horror,6.2,0.01344125,1998,Fall
2015-11-20,Secret in Their Eyes,20000000,32608019,Mystery,6.3,0.63040095,2015,Fall
2012-04-13,Lockout,20000000,33943049,Thriller,6.1,0.69715245,2012,Spring
2016-02-26,Triple 9,20000000,25943792,Thriller,6.3,0.2971896,2016,Winter
2010-10-01,Let Me In,20000000,28270399,Horror,7.1,0.41351995,2010,Fall
2012-09-07,The Cold Light of Day,20000000,25361206,Thriller,4.9,0.2680603,2012,Fall
2010-02-26,The Crazies,19000000,56445534,Horror,6.5,1.9708175789473685,2010,Winter
2010-02-26,The Crazies,19000000,56445534,Thriller,6.5,1.9708175789473685,2010,Winter
1994-07-29,The Mask,18000000,351620129,Thriller,5.7,18.534451611111113,1994,Summer
1988-06-03,Big,18000000,151668774,Documentary,8.5,7.426043,1988,Summer
2015-09-11,The Perfect Guy,18000000,60278166,Horror,5.6,2.348787,2015,Fall
2011-04-08,Soul Surfer,18000000,47158652,Biography,7.1,1.619925111111111,2011,Spring
2009-09-25,Fame,18000000,80227619,Documentary,8.6,3.4570899444444443,2009,Fall
2017-04-28,The Circle,18000000,40651864,Documentary,7.6,1.2584368888888888,2017,Spring
2010-11-05,127 Hours,18000000,60217171,Biography,7.6,2.345398388888889,2010,Fall
2013-08-16,Jobs,18000000,43402515,Biography,5.9,1.4112508333333333,2013,Summer
2014-04-11,The Railway Man,18000000,23910210,Biography,7.1,0.328345,2014,Spring
2018-04-06,A Quiet Place,17000000,334522294,Documentary,6.6,18.677782,2018,Spring
1986-07-18,Aliens,17000000,183316455,Mystery,2.7,9.78332088235294,1986,Summer
2013-04-05,Evil Dead,17000000,97778356,Horror,6.5,4.751668,2013,Spring
2013-04-05,Evil Dead,17000000,97778356,Thriller,6.5,4.751668,2013,Spring
2010-10-29,Saw 3D,17000000,133735284,Horror,5.6,6.8667814117647055,2010,Fall
2010-10-29,Saw 3D,17000000,133735284,Mystery,5.6,6.8667814117647055,2010,Fall
2015-02-20,"McFarland, USA",17000000,45707924,Biography,7.4,1.688701411764706,2015,Winter
2000-05-19,Road Trip,16000000,119739110,Horror,6.5,6.483694375,2000,Spring
2011-02-04,The Roommate,16000000,52545707,Thriller,4.9,2.2841066875,2011,Winter
2018-06-13,Superfly,16000000,20723581,Thriller,5.0,0.2952238125,2018,Summer
2013-04-05,Trance,16000000,22594052,Horror,4.6,0.41212825,2013,Spring
2017-08-11,Annabelle: Creation,15000000,305384865,Horror,6.5,19.358991,2017,Summer
2017-08-11,Annabelle: Creation,15000000,305384865,Mystery,6.5,19.358991,2017,Summer
2017-08-11,Annabelle: Creation,15000000,305384865,Thriller,6.5,19.358991,2017,Summer
2014-11-28,The Imitation Game,15000000,227740463,Biography,8.0,14.182697533333334,2014,Fall
2014-11-28,The Imitation Game,15000000,227740463,Thriller,8.0,14.182697533333334,2014,Fall
2007-08-31,Halloween,15000000,77514401,Horror,6.6,4.167626733333333,2007,Summer
2007-08-31,Halloween,15000000,77514401,Thriller,6.6,4.167626733333333,2007,Summer
2012-02-03,The Woman in Black,15000000,128955898,Horror,6.4,7.597059866666667,2012,Winter
2018-08-10,BlacKkKlansman,15000000,93017335,Biography,7.5,5.201155666666667,2018,Summer
2013-02-22,Snitch,15000000,57907734,Thriller,6.5,2.8605156,2013,Winter
2015-12-04,Krampus,15000000,61788393,Horror,6.2,3.1192262,2015,Winter
2014-12-03,Wild,15000000,52460543,Biography,7.1,2.4973695333333334,2014,Winter
2014-11-07,The Theory of Everything,15000000,123327692,Biography,7.7,7.221846133333333,2014,Fall
2011-09-16,Drive,15000000,81357930,Documentary,6.3,4.423862,2011,Fall
2018-11-23,The Favourite,15000000,94113929,Biography,7.6,5.274261933333333,2018,Fall
2014-08-27,The November Man,15000000,34820335,Thriller,6.3,1.3213556666666666,2014,Summer
2013-03-29,The Place Beyond the Pines,15000000,47011449,Thriller,7.3,2.1340966,2013,Spring
2014-07-25,A Most Wanted Man,15000000,36068890,Thriller,6.8,1.4045926666666666,2014,Summer
2019-02-01,Miss Bala,15000000,15362298,Thriller,6.5,0.0241532,2019,Winter
2012-11-30,Killing Them Softly,15000000,39238443,Thriller,6.2,1.6158962,2012,Fall
2017-01-20,The Founder,15000000,24403192,Biography,7.2,0.6268794666666667,2017,Winter
2015-10-30,Scouts Guide to the Zombie Apocalypse,15000000,15554855,Horror,6.3,0.03699033333333333,2015,Fall
2012-08-31,The Possession,14000000,82925064,Horror,5.9,4.9232188571428575,2012,Summer
2012-08-31,The Possession,14000000,82925064,Mystery,5.9,4.9232188571428575,2012,Summer
2012-08-31,The Possession,14000000,82925064,Thriller,5.9,4.9232188571428575,2012,Summer
2012-01-13,The Iron Lady,14000000,115592104,Biography,6.4,7.256578857142857,2012,Winter
2006-11-17,Bobby,14000000,20597806,Biography,7.1,0.47127185714285713,2006,Fall
2006-11-17,Bobby,14000000,20597806,Documentary,7.1,0.47127185714285713,2006,Fall
2015-10-23,Suffragette,14000000,34044909,Biography,6.9,1.4317792142857142,2015,Fall
2014-12-19,Mr. Turner,14000000,25187026,Biography,6.8,0.7990732857142857,2014,Winter
2010-12-03,Black Swan,13000000,331266710,Thriller,8.0,24.482054615384616,2010,Winter
2011-02-11,Justin Bieber: Never Say Never,13000000,99034125,Documentary,1.6,6.618009615384615,2011,Winter
2018-07-04,The First Purge,13000000,136617305,Horror,5.1,9.509023461538462,2018,Summer
2016-03-16,Miracles from Heaven,13000000,73798736,Biography,7.1,4.6768258461538466,2016,Spring
2000-02-11,Snow Day,13000000,62452927,Documentary,8.7,3.8040713076923076,2000,Winter
2016-06-24,The Shallows,13000000,118763442,Horror,6.3,8.135649384615384,2016,Summer
2016-06-24,The Shallows,13000000,118763442,Thriller,6.3,8.135649384615384,2016,Summer
2015-04-10,Ex Machina,13000000,38358392,Mystery,7.7,1.9506455384615384,2015,Spring
2016-03-11,Eye in the Sky,13000000,35402802,Thriller,7.3,1.7232924615384615,2016,Spring
2015-10-16,Room,13000000,36262783,Thriller,8.2,1.7894448461538461,2015,Fall
2015-07-24,The Vatican Tapes,13000000,14929184,Horror,5.0,0.14839876923076922,2015,Summer
2015-07-24,The Vatican Tapes,13000000,14929184,Thriller,5.0,0.14839876923076922,2015,Summer
2013-03-15,The Call,12800000,69821476,Horror,6.7,4.4548028125,2013,Spring
2010-09-03,Machete,12500000,46370970,Thriller,6.6,2.7096776,2010,Fall
2006-08-11,Step Up,12000000,110989157,Biography,7.7,8.249096416666667,2006,Summer
2006-08-11,Step Up,12000000,110989157,Documentary,7.7,8.249096416666667,2006,Summer
2012-02-03,Chronicle,12000000,123681790,Thriller,7.1,9.306815833333333,2012,Winter
2013-11-22,Philomena,12000000,98963392,Biography,7.6,7.246949333333333,2013,Fall
2015-07-24,Paper Towns,12000000,85450484,Mystery,6.3,6.120873666666666,2015,Summer
2012-07-05,Katy Perry: Part of Me,12000000,32700439,Documentary,5.9,1.7250365833333334,2012,Summer
2015-01-30,Project Almanac,12000000,32909437,Mystery,6.4,1.7424530833333334,2015,Winter
2017-07-14,Wish Upon,12000000,23477345,Horror,5.0,0.9564454166666667,2017,Summer
2012-09-14,Arbitrage,12000000,35830713,Thriller,6.6,1.98589275,2012,Fall
2013-03-01,Stoker,12000000,12034913,Thriller,6.8,0.0029094166666666665,2013,Spring
2010-12-10,The Fighter,11000000,129262388,Biography,7.8,10.751126181818181,2010,Winter
2015-04-01,Woman in Gold,11000000,58586407,Biography,7.3,4.326037,2015,Spring
2017-12-08,"I, Tonya",11000000,53797409,Biography,7.5,3.8906735454545456,2017,Winter
2016-07-01,The Purge: Election Year,10000000,118514727,Horror,6.0,10.8514727,2016,Summer
2018-05-18,Book Club,10000000,91113683,Documentary,6.6,8.1113683,2018,Spring
2018-01-05,Insidious: The Last Key,10000000,167885588,Horror,5.7,15.7885588,2018,Winter
2018-01-05,Insidious: The Last Key,10000000,167885588,Mystery,5.7,15.7885588,2018,Winter
2018-01-05,Insidious: The Last Key,10000000,167885588,Thriller,5.7,15.7885588,2018,Winter
2018-06-08,Hereditary,10000000,70133905,Horror,7.3,6.0133905,2018,Summer
2018-06-08,Hereditary,10000000,70133905,Mystery,7.3,6.0133905,2018,Summer
2017-10-27,Jigsaw,10000000,102445196,Horror,5.8,9.2445196,2017,Fall
2017-10-27,Jigsaw,10000000,102445196,Mystery,5.8,9.2445196,2017,Fall
2016-01-22,The Boy,10000000,68220952,Horror,5.4,5.8220952,2016,Winter
2016-01-22,The Boy,10000000,68220952,Thriller,5.4,5.8220952,2016,Winter
1985-10-04,Commando,10000000,35073978,Thriller,6.1,2.5073978,1985,Fall
2010-09-17,Devil,10000000,63354114,Horror,6.2,5.3354114,2010,Fall
2010-09-17,Devil,10000000,63354114,Mystery,6.2,5.3354114,2010,Fall
2010-09-17,Devil,10000000,63354114,Thriller,6.2,5.3354114,2010,Fall
2018-08-10,Slender Man,10000000,51723644,Horror,5.9,4.1723644,2018,Summer
2016-09-09,When the Bough Breaks,10000000,30768449,Horror,5.1,2.0768449,2016,Fall
2015-08-21,Sinister 2,10000000,54104225,Horror,5.3,4.4104225,2015,Summer
2015-08-21,Sinister 2,10000000,54104225,Mystery,5.3,4.4104225,2015,Summer
2015-08-21,Sinister 2,10000000,54104225,Thriller,5.3,4.4104225,2015,Summer
2016-01-08,The Forest,10000000,40749230,Horror,3.5,3.074923,2016,Winter
2016-01-08,The Forest,10000000,40749230,Thriller,3.5,3.074923,2016,Winter
2016-10-14,Kevin Hart: What Now?,10000000,23591043,Documentary,5.9,1.3591043,2016,Fall
2010-11-12,Skyline,10000000,68264973,Thriller,4.4,5.8264973,2010,Fall
2017-12-01,The Disaster Artist,10000000,28717667,Biography,7.4,1.8717667,2017,Winter
2016-09-16,Blair Witch,10000000,38985577,Horror,5.0,2.8985577,2016,Fall
2016-09-16,Blair Witch,10000000,38985577,Mystery,5.0,2.8985577,2016,Fall
2016-09-16,Blair Witch,10000000,38985577,Thriller,5.0,2.8985577,2016,Fall
2015-10-23,Paranormal Activity: The Ghost Dimension,10000000,77959374,Horror,4.6,6.7959374,2015,Fall
2015-10-23,Paranormal Activity: The Ghost Dimension,10000000,77959374,Mystery,4.6,6.7959374,2015,Fall
2015-10-23,Paranormal Activity: The Ghost Dimension,10000000,77959374,Thriller,4.6,6.7959374,2015,Fall
2016-10-07,The Birth of a Nation,10000000,16891011,Biography,6.4,0.6891011,2016,Fall
2011-11-23,My Week with Marilyn,10000000,34240572,Biography,7.0,2.4240572,2011,Fall
2014-12-25,Big Eyes,10000000,27317872,Biography,7.0,1.7317872,2014,Winter
2000-12-19,The Gift,10000000,44567606,Documentary,7.6,3.4567606,2000,Winter
2019-04-05,The Best of Enemies,10000000,10205616,Biography,6.8,0.0205616,2019,Spring
2018-10-19,Can You Ever Forgive Me?,10000000,11752387,Biography,7.2,0.1752387,2018,Fall
2015-03-27,While We're Young,10000000,17503828,Mystery,6.3,0.7503828,2015,Spring
2016-11-11,Shut In,10000000,11360665,Horror,5.7,0.1360665,2016,Fall
2016-11-11,Shut In,10000000,11360665,Thriller,5.7,0.1360665,2016,Fall
2016-04-29,The Man Who Knew Infinity,10000000,12382122,Biography,7.2,0.2382122,2016,Spring
2017-09-22,Friend Request,9900000,11310835,Thriller,4.0,0.14250858585858586,2017,Fall
2016-12-21,Dangal,9500000,294654618,Biography,8.5,30.01627557894737,2016,Winter
2014-07-18,The Purge: Anarchy,9000000,111534881,Horror,6.5,11.392764555555555,2014,Summer
2016-10-21,Ouija: Origin of Evil,9000000,81831866,Horror,6.1,8.092429555555556,2016,Fall
2016-10-21,Ouija: Origin of Evil,9000000,81831866,Mystery,6.1,8.092429555555556,2016,Fall
2019-02-13,Happy Death Day 2U,9000000,64179495,Horror,6.3,6.131055,2019,Winter
2019-02-13,Happy Death Day 2U,9000000,64179495,Mystery,6.3,6.131055,2019,Winter
2000-10-13,The Contender,9000000,17804273,Documentary,6.7,0.9782525555555556,2000,Fall
2011-08-12,Glee: The 3D Concert Movie,9000000,17462398,Documentary,5.4,0.9402664444444444,2011,Summer
2016-11-04,Loving,9000000,12898064,Biography,7.0,0.43311822222222224,2016,Fall
2013-03-22,The Sapphires,9000000,20395040,Biography,7.0,1.2661155555555557,2013,Spring
2014-10-31,Nightcrawler,8500000,50334418,Thriller,7.9,4.921696235294117,2014,Fall
2019-05-03,The Intruder,8000000,36005871,Horror,5.5,3.500733875,2019,Spring
2019-05-03,The Intruder,8000000,36005871,Mystery,5.5,3.500733875,2019,Spring
2011-09-30,50/50,8000000,41334735,Documentary,7.5,4.166841875,2011,Fall
2015-09-02,A Walk in the Woods,8000000,37119358,Biography,6.3,3.63991975,2015,Fall
2008-03-21,Shutter,8000000,47782426,Thriller,7.7,4.97280325,2008,Spring
2006-05-19,See No Evil,8000000,18828036,Documentary,7.3,1.3535045,2006,Spring
2010-11-19,Made in Dagenham,8000000,15644196,Biography,7.2,0.9555245,2010,Fall
2016-11-18,A Street Cat Named Bob,8000000,17382693,Biography,7.4,1.172836625,2016,Fall
2017-01-13,The Bye Bye Man,7400000,31187727,Horror,4.3,3.214557702702703,2017,Winter
2018-03-16,I Can Only Imagine,7000000,85604221,Biography,7.4,11.22917442857143,2018,Spring
2001-04-11,Kingdom Come,7000000,23393939,Documentary,7.6,2.3419912857142857,2001,Spring
1988-02-12,Action Jackson,7000000,20257000,Thriller,3.3,1.893857142857143,1988,Winter
1983-05-13,Breathless,7000000,19910002,Thriller,5.1,1.844286,1983,Spring
2014-01-17,Devil's Due,7000000,36146087,Horror,4.1,4.163726714285715,2014,Winter
2014-01-17,Devil's Due,7000000,36146087,Mystery,4.1,4.163726714285715,2014,Winter
2014-01-17,Devil's Due,7000000,36146087,Thriller,4.1,4.163726714285715,2014,Winter
2010-06-18,Cyrus,7000000,10062896,Horror,4.7,0.4375565714285714,2010,Summer
2010-06-18,Cyrus,7000000,10062896,Mystery,4.7,0.4375565714285714,2010,Summer
2012-01-13,We Need to Talk About Kevin,7000000,10765283,Mystery,7.5,0.5378975714285714,2012,Winter
2012-01-13,We Need to Talk About Kevin,7000000,10765283,Thriller,7.5,0.5378975714285714,2012,Winter
2012-09-21,House at the End of the Street,6900000,44103982,Horror,5.6,5.391881449275362,2012,Fall
2012-09-21,House at the End of the Street,6900000,44103982,Thriller,5.6,5.391881449275362,2012,Fall
2010-09-17,Incendies,6800000,16038343,Mystery,8.3,1.3585798529411766,2010,Fall
2014-10-03,Annabelle,6500000,256862920,Horror,5.4,38.517372307692305,2014,Fall
2014-10-03,Annabelle,6500000,256862920,Mystery,5.4,38.517372307692305,2014,Fall
2014-10-03,Annabelle,6500000,256862920,Thriller,5.4,38.517372307692305,2014,Fall
2019-03-29,Unplanned,6000000,18107621,Biography,6.3,2.017936833333333,2019,Spring
2019-02-08,The Prodigy,6000000,19789712,Horror,5.9,2.2982853333333333,2019,Winter
2019-02-08,The Prodigy,6000000,19789712,Thriller,5.9,2.2982853333333333,2019,Winter
2018-11-30,The Possession of Hannah Grace,6000000,42785387,Horror,5.2,6.130897833333333,2018,Fall
2018-11-30,The Possession of Hannah Grace,6000000,42785387,Mystery,5.2,6.130897833333333,2018,Fall
2018-11-30,The Possession of Hannah Grace,6000000,42785387,Thriller,5.2,6.130897833333333,2018,Fall
2012-09-07,The Words,6000000,16369708,Mystery,7.1,1.7282846666666667,2012,Fall
2016-01-15,The Lady in the Van,6000000,42320503,Biography,6.7,6.053417166666667,2016,Winter
2012-04-27,Bernie,6000000,10106975,Biography,6.8,0.6844958333333333,2012,Spring
2011-07-29,The Guard,6000000,21197454,Thriller,7.3,2.532909,2011,Summer
2006-12-21,Venus,6000000,7818479,Documentary,7.0,0.3030798333333333,2006,Winter
1996-08-02,Emma,5900000,37831658,Thriller,4.7,5.412145423728814,1996,Summer
2018-09-28,Hell Fest,5500000,18119231,Horror,5.5,2.2944056363636363,2018,Fall
2012-04-27,Hodejegerne,5250000,20188740,Thriller,7.6,2.845474285714286,2012,Spring
2017-02-24,Get Out,5000000,255367951,Horror,7.7,50.0735902,2017,Winter
2017-02-24,Get Out,5000000,255367951,Mystery,7.7,50.0735902,2017,Winter
2017-02-24,Get Out,5000000,255367951,Thriller,7.7,50.0735902,2017,Winter
2011-10-21,Paranormal Activity 3,5000000,207039844,Horror,5.8,40.4079688,2011,Fall
2011-10-21,Paranormal Activity 3,5000000,207039844,Mystery,5.8,40.4079688,2011,Fall
2011-10-21,Paranormal Activity 3,5000000,207039844,Thriller,5.8,40.4079688,2011,Fall
2016-03-11,10 Cloverfield Lane,5000000,108286422,Horror,7.2,20.6572844,2016,Spring
2016-03-11,10 Cloverfield Lane,5000000,108286422,Mystery,7.2,20.6572844,2016,Spring
2016-07-22,Lights Out,5000000,148806510,Horror,6.3,28.761302,2016,Summer
2016-07-22,Lights Out,5000000,148806510,Mystery,6.3,28.761302,2016,Summer
2017-10-13,Happy Death Day,5000000,125010260,Horror,6.5,24.002052,2017,Fall
2017-10-13,Happy Death Day,5000000,125010260,Mystery,6.5,24.002052,2017,Fall
2017-10-13,Happy Death Day,5000000,125010260,Thriller,6.5,24.002052,2017,Fall
2012-10-19,Paranormal Activity 4,5000000,142817992,Horror,4.6,27.5635984,2012,Fall
2012-10-19,Paranormal Activity 4,5000000,142817992,Mystery,4.6,27.5635984,2012,Fall
2012-10-19,Paranormal Activity 4,5000000,142817992,Thriller,4.6,27.5635984,2012,Fall
2014-10-24,Ouija,5000000,103300632,Horror,4.5,19.6601264,2014,Fall
2014-10-24,Ouija,5000000,103300632,Mystery,4.5,19.6601264,2014,Fall
2014-10-24,Ouija,5000000,103300632,Thriller,4.5,19.6601264,2014,Fall
2014-01-03,Paranormal Activity: The Marked Ones,5000000,90904854,Horror,5.0,17.1809708,2014,Winter
2014-01-03,Paranormal Activity: The Marked Ones,5000000,90904854,Mystery,5.0,17.1809708,2014,Winter
2014-01-03,Paranormal Activity: The Marked Ones,5000000,90904854,Thriller,5.0,17.1809708,2014,Winter
2014-04-11,Oculus,5000000,44115496,Horror,6.5,7.8230992,2014,Spring
2014-04-11,Oculus,5000000,44115496,Mystery,6.5,7.8230992,2014,Spring
2013-11-01,Dallas Buyers Club,5000000,60611845,Biography,8.0,11.122369,2013,Fall
2015-08-26,No Escape,5000000,42844516,Thriller,6.8,7.5689032,2015,Summer
2015-02-27,The Lazarus Effect,5000000,38359310,Horror,5.2,6.671862,2015,Winter
2015-02-27,The Lazarus Effect,5000000,38359310,Mystery,5.2,6.671862,2015,Winter
2018-03-09,The Strangers: Prey at Night,5000000,29960051,Horror,5.2,4.9920102,2018,Spring
2014-08-29,"As Above, So Below",5000000,41824066,Horror,6.2,7.3648132,2014,Summer
2014-08-29,"As Above, So Below",5000000,41824066,Mystery,6.2,7.3648132,2014,Summer
2011-09-02,Apollo 18,5000000,26517819,Horror,5.2,4.3035638,2011,Fall
2011-09-02,Apollo 18,5000000,26517819,Mystery,5.2,4.3035638,2011,Fall
2018-03-23,"Paul, Apostle of Christ",5000000,25529498,Biography,6.7,4.1058996,2018,Spring
2014-10-10,Addicted,5000000,17499242,Thriller,5.2,2.4998484,2014,Fall
2017-06-09,It Comes at Night,5000000,19720203,Horror,6.2,2.9440406,2017,Summer
2017-06-09,It Comes at Night,5000000,19720203,Mystery,6.2,2.9440406,2017,Summer
2017-03-03,Before I Fall,5000000,18945682,Mystery,6.4,2.7891364,2017,Spring
2017-03-17,The Belko Experiment,5000000,11792942,Horror,6.1,1.3585884,2017,Spring
2017-03-17,The Belko Experiment,5000000,11792942,Thriller,6.1,1.3585884,2017,Spring
2001-04-27,The Forsaken,5000000,6755271,Horror,6.3,0.3510542,2001,Spring
2001-04-27,The Forsaken,5000000,6755271,Thriller,6.3,0.3510542,2001,Spring
2018-09-21,Fahrenheit 11/9,5000000,6653715,Documentary,6.7,0.330743,2018,Fall
2010-05-28,Sea Rex 3D: Journey to a Prehistoric World,5000000,16515203,Documentary,6.9,2.3030406,2010,Spring
2016-12-02,Incarnate,5000000,9371036,Horror,5.3,0.8742072,2016,Winter
2016-12-02,Incarnate,5000000,9371036,Thriller,5.3,0.8742072,2016,Winter
2014-10-10,Kill the Messenger,5000000,6656705,Biography,7.0,0.331341,2014,Fall
2012-08-17,The Awakening,4900000,6924321,Horror,2.4,0.41312673469387756,2012,Summer
2012-08-17,The Awakening,4900000,6924321,Thriller,2.4,0.41312673469387756,2012,Summer
2011-09-30,Take Shelter,4750000,4972016,Horror,7.4,0.04674021052631579,2011,Fall
2011-09-30,Take Shelter,4750000,4972016,Thriller,7.4,0.04674021052631579,2011,Fall
1996-10-04,Bound,4500000,7011317,Thriller,3.5,0.5580704444444444,1996,Fall
1990-10-19,Night of the Living Dead,4200000,5835247,Horror,5.3,0.38934452380952383,1990,Fall
2015-01-23,The Boy Next Door,4000000,53401938,Horror,4.7,12.3504845,2015,Winter
2015-01-23,The Boy Next Door,4000000,53401938,Thriller,4.7,12.3504845,2015,Winter
2013-03-01,The Last Exorcism Part II,4000000,25448707,Horror,4.0,5.36217675,2013,Spring
2013-03-01,The Last Exorcism Part II,4000000,25448707,Thriller,4.0,5.36217675,2013,Spring
2000-08-04,Saving Grace,4000000,27786849,Horror,5.6,5.94671225,2000,Summer
2016-05-13,The Darkness,4000000,10898293,Horror,4.4,1.72457325,2016,Spring
2016-05-13,The Darkness,4000000,10898293,Thriller,4.4,1.72457325,2016,Spring
2008-04-11,The Visitor,4000000,19174817,Documentary,6.0,3.79370425,2008,Spring
2007-05-25,Bug,4000000,8302995,Mystery,4.6,1.07574875,2007,Spring
2007-05-25,Bug,4000000,8302995,Thriller,4.6,1.07574875,2007,Spring
2012-08-24,Samsara,4000000,5966671,Documentary,8.5,0.49166775,2012,Summer
2018-04-13,Truth or Dare,3500000,95127344,Horror,5.6,26.179241142857144,2018,Spring
2018-04-13,Truth or Dare,3500000,95127344,Mystery,5.6,26.179241142857144,2018,Spring
2018-02-02,Winchester,3500000,44378040,Biography,5.4,11.67944,2018,Winter
2013-02-22,Dark Skies,3500000,27704111,Horror,6.3,6.9154602857142855,2013,Winter
2013-02-22,Dark Skies,3500000,27704111,Thriller,6.3,6.9154602857142855,2013,Winter
2018-05-18,First Reformed,3500000,3874772,Mystery,7.1,0.10707771428571429,2018,Spring
2018-05-18,First Reformed,3500000,3874772,Thriller,7.1,0.10707771428571429,2018,Spring
2011-06-10,Trolljegeren,3500000,5706638,Horror,7.0,0.630468,2011,Summer
2011-10-21,Margin Call,3400000,20433227,Thriller,7.1,5.009772647058823,2011,Fall
2010-10-20,Paranormal Activity 2,3000000,177512032,Horror,5.7,58.17067733333333,2010,Fall
2013-06-07,The Purge,3000000,91266581,Horror,5.7,29.422193666666665,2013,Summer
2013-06-07,The Purge,3000000,91266581,Thriller,5.7,29.422193666666665,2013,Summer
2012-10-12,Sinister,3000000,87727807,Horror,6.8,28.242602333333334,2012,Fall
2012-10-12,Sinister,3000000,87727807,Mystery,6.8,28.242602333333334,2012,Fall
2012-10-12,Sinister,3000000,87727807,Thriller,6.8,28.242602333333334,2012,Fall
2018-06-01,Upgrade,3000000,16553285,Thriller,7.6,4.517761666666667,2018,Summer
2017-10-27,Let There Be Light,3000000,7241309,Documentary,6.7,1.4137696666666666,2017,Fall
1998-10-16,Happiness,3000000,5746453,Documentary,7.1,0.9154843333333333,1998,Fall
2017-05-12,The Wall,3000000,4495262,Documentary,9.2,0.4984206666666667,2017,Spring
2005-03-25,Oldboy,3000000,6239723,Mystery,5.8,1.0799076666666667,2005,Spring
2018-10-26,Indivisible,2700000,3588305,Documentary,7.2,0.3290018518518519,2018,Fall
2013-07-03,Kevin Hart: Let Me Explain,2500000,32327255,Documentary,6.8,11.930902,2013,Summer
2015-03-13,It Follows,2000000,23250755,Horror,6.9,10.6253775,2015,Spring
2015-03-13,It Follows,2000000,23250755,Mystery,6.9,10.6253775,2015,Spring
2012-03-09,Silent House,2000000,16610760,Horror,5.3,7.30538,2012,Spring
2012-03-09,Silent House,2000000,16610760,Mystery,5.3,7.30538,2012,Spring
2010-06-11,Winter's Bone,2000000,16131551,Mystery,7.2,7.0657755,2010,Summer
2014-10-10,Meet the Mormons,2000000,6049171,Documentary,6.9,2.0245855,2014,Fall
2010-10-08,Inside Job,2000000,7799257,Documentary,8.3,2.8996285,2010,Fall
2015-09-18,Captive,2000000,2791973,Thriller,6.0,0.3959865,2015,Fall
2014-11-28,The Babadook,2000000,7482387,Horror,6.8,2.7411935,2014,Fall
2015-04-07,Lost River,2000000,2009644,Mystery,5.8,0.004822,2015,Spring
2015-10-09,Knock Knock,2000000,6328516,Thriller,4.9,2.164258,2015,Fall
2010-09-24,Buried,1987650,21270290,Mystery,7.0,9.701225064774986,2010,Fall
2010-09-24,Buried,1987650,21270290,Thriller,7.0,9.701225064774986,2010,Fall
2010-08-27,The Last Exorcism,1800000,70165900,Horror,5.6,37.98105555555556,2010,Summer
2010-08-27,The Last Exorcism,1800000,70165900,Thriller,5.6,37.98105555555556,2010,Summer
2010-10-15,N-Secure,1600000,2595644,Thriller,3.6,0.6222775,2010,Fall
2011-04-01,Insidious,1500000,99870886,Horror,6.9,65.58059066666667,2011,Spring
2011-04-01,Insidious,1500000,99870886,Mystery,6.9,65.58059066666667,2011,Spring
2011-04-01,Insidious,1500000,99870886,Thriller,6.9,65.58059066666667,2011,Spring
2003-09-12,Cabin Fever,1500000,30351664,Horror,3.7,19.234442666666666,2003,Fall
2018-03-23,Unsane,1500000,14244931,Horror,6.4,8.496620666666667,2018,Spring
2018-03-23,Unsane,1500000,14244931,Mystery,6.4,8.496620666666667,2018,Spring
2013-02-01,The Gatekeepers,1500000,2592308,Documentary,7.6,0.7282053333333334,2013,Winter
2013-04-19,The Lords of Salem,1500000,1541131,Horror,5.1,0.027420666666666666,2013,Spring
2013-04-19,The Lords of Salem,1500000,1541131,Thriller,5.1,0.027420666666666666,2013,Spring
2014-10-03,La chambre bleue,1400000,1945420,Thriller,6.3,0.3895857142857143,2014,Fall
2006-04-07,Simon,1300000,1738663,Thriller,4.8,0.33743307692307695,2006,Spring
2012-03-23,Serbuan maut,1100000,9297407,Thriller,7.6,7.452188181818181,2012,Spring
2012-01-06,The Devil Inside,1000000,101759490,Horror,4.2,100.75949,2012,Winter
2015-04-17,Unfriended,1000000,64364198,Horror,5.6,63.364198,2015,Spring
2015-04-17,Unfriended,1000000,64364198,Mystery,5.6,63.364198,2015,Spring
2015-04-17,Unfriended,1000000,64364198,Thriller,5.6,63.364198,2015,Spring
2013-08-23,You're Next,1000000,26887177,Horror,6.6,25.887177,2013,Summer
2012-05-25,Chernobyl Diaries,1000000,42411721,Horror,5.0,41.411721,2012,Spring
2012-05-25,Chernobyl Diaries,1000000,42411721,Mystery,5.0,41.411721,2012,Spring
2012-05-25,Chernobyl Diaries,1000000,42411721,Thriller,5.0,41.411721,2012,Spring
1981-04-10,The Howling,1000000,17985000,Horror,2.6,16.985,1981,Spring
2018-07-20,Unfriended: Dark Web,1000000,16434588,Horror,5.9,15.434588,2018,Summer
2018-07-20,Unfriended: Dark Web,1000000,16434588,Mystery,5.9,15.434588,2018,Summer
2015-09-25,The Green Inferno,1000000,12931420,Horror,5.3,11.93142,2015,Fall
2017-02-03,I Am Not Your Negro,1000000,9617402,Documentary,7.8,8.617402,2017,Winter
2012-10-19,The Sessions,1000000,11495204,Biography,7.2,10.495204,2012,Fall
2011-10-21,Martha Marcy May Marlene,1000000,5438911,Mystery,6.9,4.438911,2011,Fall
2011-10-21,Martha Marcy May Marlene,1000000,5438911,Thriller,6.9,4.438911,2011,Fall
2001-12-07,No Man's Land,1000000,2684207,Documentary,7.7,1.684207,2001,Winter
2017-10-06,Visages villages,1000000,4015686,Documentary,7.9,3.015686,2017,Fall
2000-12-01,Panic,1000000,1425707,Mystery,6.1,0.425707,2000,Winter
2000-12-01,Panic,1000000,1425707,Thriller,6.1,0.425707,2000,Winter
2013-07-19,The Act of Killing,1000000,1227316,Documentary,8.2,0.227316,2013,Summer
2013-07-12,Fruitvale Station,900000,17549645,Biography,7.5,18.499605555555554,2013,Summer
2016-04-01,Meet the Blacks,900000,9097072,Horror,5.9,9.107857777777777,2016,Spring
2011-12-30,Jodaeiye Nader az Simin,800000,24426169,Thriller,8.3,29.53271125,2011,Winter
2011-09-09,Kevin Hart: Laugh at My Pain,750000,7712436,Documentary,7.4,9.283248,2011,Fall
2012-02-03,The Innkeepers,750000,1011535,Horror,5.5,0.3487133333333333,2012,Winter
2012-02-03,The Innkeepers,750000,1011535,Mystery,5.5,0.3487133333333333,2012,Winter
2011-07-08,Sholem Aleichem: Laughing in the Darkness,500000,1131261,Documentary,6.8,1.262522,2011,Summer
2010-10-29,Monsters,500000,5639730,Thriller,6.4,10.27946,2010,Fall
2011-04-01,Rubber,500000,680914,Horror,5.8,0.361828,2011,Spring
2014-04-25,Blue Ruin,420000,437002,Thriller,7.1,0.04048095238095238,2014,Spring
2008-10-24,Heroes,400000,655538,Documentary,7.3,0.638845,2008,Fall
2004-10-06,Tarnation,400000,1162014,Horror,3.5,1.905035,2004,Fall
2010-10-15,I Want Your Money,400000,433588,Documentary,5.1,0.08397,2010,Fall
1980-01-01,Maniac,350000,10000000,Horror,4.8,27.571428571428573,1980,Winter
1980-01-01,Maniac,350000,10000000,Thriller,4.8,27.571428571428573,1980,Winter
2012-08-17,Compliance,270000,830700,Biography,6.4,2.0766666666666667,2012,Summer
1981-05-01,Graduation Day,250000,23894000,Thriller,5.0,94.576,1981,Spring
2012-07-20,Burn,225000,1109276,Documentary,7.5,3.9301155555555556,2012,Summer
2015-06-19,The Overnight,200000,1165996,Mystery,6.1,4.82998,2015,Summer
2012-04-27,Sound of My Voice,135000,429448,Mystery,6.6,2.181096296296296,2012,Spring
2015-07-10,The Gallows,100000,41656474,Horror,4.2,415.56474,2015,Summer
2015-07-10,The Gallows,100000,41656474,Mystery,4.2,415.56474,2015,Summer
2015-07-10,The Gallows,100000,41656474,Thriller,4.2,415.56474,2015,Summer
2000-01-14,The Terrorist,25000,195043,Thriller,6.5,6.80172,2000,Winter
